Year,Month,NumVisitorsAv,annualGrowthRateAv,quarter,yearQuarter
2018년,6월,60.26853333333333,-0.011298565896851263,1분기,2018년 1분기
2018년,9월,54.63740000000001,-0.09130550337852779,2분기,2018년 2분기
2018년,12월,72.55843333333333,-0.005302671184535199,3분기,2018년 3분기
2019년,3월,58.52013333333334,-0.07486722150695807,4분기,2019년 4분기
